Wichita,KS,67207,In Focus Optometry Pa
Baton Rouge,LA,70836,Club Libby Lu
Ashland,KY,41102,Faith Christian Academy Inc
Miami Beach,FL,33139,Addis By Stella McCarthy
Littleton,CO,80123,Southwest Plaza
Ashtabula,OH,44004,Zoon Systems
Meriden,CT,6451,Cosimo's Management Inc
Milpitas,CA,95035,Tv Products
Niles,IL,60714,Ginza
Richmond,VA,23235,Chesterfield County Community Policing…
Atlanta,GA,30345,Cinderella Bridal And Formal
Arlington,TX,76015,Degrassa Jane
San Antonio,TX,78238,Xtreme
Little Rock,AR,72205,Proactiv At Park Plaza
Santa Monica,CA,90401,Undercover
Daytona Beach,FL,32114,Patel Jay V
Fort Myers,FL,33901,MICA FLOORING & MORE
Enfield,CT,6082,Ts Zone
Cabazon,CA,92230,Ed Hardy Outlet
Clearwater,FL,33761,Tampa Bay Skating Academy At Countrysi…
Valley Stream,NY,11581,Art of Your Mind Inc
Martinsville,VA,24112,"Starting Place, The"
Bloomington,IL,61701,B N Z Trading
Lombard,IL,60148,Mario Tricoci
Muskegon,MI,49444,All That Jazz1
Tucson,AZ,85705,Fengshui Garden
Union Gap,WA,98903,Songs Of Praise
Annapolis,MD,21401,Madewell 1937 Llc
Appleton,WI,54913,Fox River Brewing Co.
Stockton,CA,95207,McCaulou's
Hoover,AL,35244,A Z Unique Brow
Cheyenne,WY,82009,Heavenly Manna
Culver City,CA,90230,2b bebe
Poughkeepsie,NY,12601,Advantage Entertainment Center
Oviedo,FL,32765,"Confectionaries, LLC"
Wichita Falls,TX,76308,"Knife Guys, The"
Lanesborough,MA,1224,New Zoom Incorporated
Eugene,OR,97401,Tree of Life
Memphis,TN,38116,Read Brother Read
Phoenix,AZ,85033,La Carreta de Lily
Arcadia,CA,91007,April Snow
Greeley,CO,80631,E Graphics
Sioux Falls,SD,57106,Dakota Zone
Hoover,AL,35244,K's Formal
Abilene,TX,79606,"Nut Shack, The"
Hanford,CA,93230,"James, Sharon"
Orlando,FL,32809,Hattitude
Kinston,NC,28504,Duck's Bingo
Brooklyn,NY,11234,Vera
Minnetonka,MN,55305,Sri Fragarences
Winchester,VA,22601,Golden Links
Richmond,CA,94806,American Carousel
Orlando,FL,32809,M Christina Memoli
Beachwood,OH,44122,Cardboard Heroes Llc
Lakeland,FL,33809,"Vernon A. Stapleton, O.D.,P.A."
Brookfield,WI,53005,"Fresh Market 89, The"
Omaha,NE,68114,Top Notch Charms
Lakewood,CO,80226,Belmar Entertainment Group
Las Vegas,NV,89109,de Grisogono Llc
Cabazon,CA,92230,Splendid Llc
Hampton,VA,23666,Yoshi's Tronics
Texarkana,TX,75503,Ginas Rags To Riches
Pembroke Pines,FL,33026,Be On Time
Wichita,KS,67209,"Mid-Am Building Supply, Inc."
Williamsville,NY,14221,Upstate New York Transplant
Gilbert,AZ,85296,Smilelabs
Fairview,TX,75069,Gloria's
Las Vegas,NV,89109,Elie Tahari Forum Shops Las Ve
Panama City Beach,FL,32413,Regae Js
Miami Beach,FL,33139,Ondademar
Miami Beach,FL,33139,Alex and Ani
Chattanooga,TN,37421,Selah
El Centro,CA,92243,Clara's Hallmark
Jacksonville,FL,32246,Cantina Loredo
Brownsville,TX,78521,Dare It
Miami,FL,33172,The Miami Heat Store
Indianapolis,IN,46254,Unplugged
Lufkin,TX,75901,Miss Mc Gillicuddy's
Corpus Christi,TX,78412,"Craft, Mary Od"
Auburn,WA,98001,Ann Taylor Factory Store
Rochester,NY,14626,Hoopla!
Carmel,IN,46032,Interactions Corp
Louisville,KY,40219,Sino Acupressure
Santa Clara,CA,95050,B & L Relaxation Station Inc.
Thousand Oaks,CA,91360,Lucky’s Dog House
Morgantown,WV,26501,Kj Co 1535
Burlington,MA,1803,Rel Ventures Incorporated
Hingham,MA,2043,Az Studio
Texarkana,TX,75503,"Christiana V. Montgomery, O.D., P.C."
Chesterfield,MO,63017,Billyo Originals
Brookfield,WI,53005,Associated Banc-Corp
West Des Moines,IA,50266,Aldo 2285
Columbus,OH,43219,Parkvale Mortgage Corporation
Salisbury,NC,28147,First Lady
Myrtle Beach,SC,29577,Lil' Tractor Company Llc
San Antonio,TX,78256,Grimaldi's Pizzeria
Victorville,CA,92392,Anime Ages
San Francisco,CA,94103,S + L Gem Company
Albany,OR,97322,Lolita's
Brookfield,WI,53005,Jlee Studio
Glendale,CA,91210,Tris
Yuba City,CA,95991,Simply Java
Richmond,VA,23233,Oakley Store 186
Centennial,CO,80122,LuLu Lemon
Vernon Hills,IL,60061,MS Baubles
Albuquerque,NM,87114,Tickles And Snooks Wings N Things
Lafayette,LA,70503,Hot Trends
Spartanburg,SC,29301,Authentiks Corporation
Yorktown Heights,NY,10598,Xxx Xxx
Richmond,VA,23233,Eddie Bauer Llc
Denver,CO,80216,My Best Friend's Closet
Glendale,AZ,85308,ISMILE
Kingston,MA,2364,"Pump 'n' Jump, Inc."
Urbandale,IA,50322,Koester Chiropractic
Dayton,OH,45440,"Gene Group Inc., The"
Wichita,KS,67205,"Ward, Joe"
Las Cruces,NM,88011,Mm Platform Concepts
Las Vegas,NV,89109,Longchamp
Fort Worth,TX,76115,Town Center Bingo
Carmel,IN,46032,Kline Chiropractic Pc
Panama City Beach,FL,32413,Lenscrafter 5541
Nashville,TN,37214,The Mills A Simon Company
Port Huron,MI,48059,Fun Shop
Flagstaff,AZ,86004,Woodies Chili Dogs
Wichita,KS,67209,Cartunes
Bel Air,MD,21014,Star Caps Inc
Burnsville,MN,55306,The Skewer
Dallas,TX,75237,Fino
Raleigh,NC,27616,Pasarellas
San Bruno,CA,94066,Time Works
Flagstaff,AZ,86004,Mountain Delights Llc
Toledo,OH,43623,Cardboard Heroes Llc
Fort Wayne,IN,46804,'s Wonderful Interiors
Chesterfield,MO,63017,Houlihan's
Atlanta,GA,30331,Natural Identity
Santa Clara,CA,95050,Franco Umomo
Indianapolis,IN,46254,Maestro's Airbrushing Llc
Mesa,AZ,85202,CHINESE DIM SUM INC
Burlington,NC,27215,dazzle Up
Charleston,WV,25389,K & K Interiors
Jackson,MI,49202,Jackson Legacy Program
Bristol,VA,24201,"Tri-City Hospitality Of Virginia, Llc"
San Rafael,CA,94903,Virsa Handicrafts
Bel Air,MD,21014,Vaccaro's Italian Pastry Shop
Glendale,WI,53217,"Bass & Moglowsky, S.C."
Houston,TX,77056,Rockport Factory Stores
Miami,FL,33183,F21 Red
Elizabethtown,KY,42701,Nutty Scientists of Northern Kentucky
Chattanooga,TN,37421,Character Box
Newport Beach,CA,92660,SoulCycle
Sugar Land,TX,77479,Charms Etc
Missoula,MT,59801,Missoula Maulers Hockey Central
Oklahoma City,OK,73118,Sunglass Hut Trading Corporation
Joplin,MO,64801,Abbey's Hallmark
Papillion,NE,68046,Shadow Lake Towne Center - Management …
Willow Grove,PA,19090,Bleu Denim
North Miami Beach,FL,33162,Hair Design By Carmine Inc
Laredo,TX,78041,Scent of Nature 2
San Diego,CA,92101,The Chapman Collection
Milford,CT,6460,Tuxedo World
Las Vegas,NV,89109,H. Stern
Chattanooga,TN,37411,A Plus Alterations & Custom Sewing
Pearland,TX,77584,Natascha Gotesky
Saint Joseph,MO,64505,Stitches Alterations
Danville,VA,24540,Dorothy Wilson
Pennsdale,PA,17756,Bolton's
Annapolis,MD,21401,Zenscape
Gilbert,AZ,85296,Friends Of Chandler Public Library
West Des Moines,IA,50266,Grab A Snack Shack
Annapolis,MD,21401,Origins Annapolis Town Centre At Parole
Phoenix,AZ,85033,La Carreta de Lily
Frackville,PA,17931,Just Aerobics
San Leandro,CA,94578,DaVita Kidney Care
Altamonte Springs,FL,32701,Miller's Ale House
Asheboro,NC,27203,Ermc Lp Ii
Pembroke Pines,FL,33026,Jino The
Naples,FL,34108,Tcb Naples Llc
Brownsville,TX,78521,Sunrise Tortas
Idaho Falls,ID,83404,Michael Baird
Roanoke,VA,24012,Tailgaters United Llc
Miami Beach,FL,33139,Tuccia Sandals
Portland,OR,97232,Fluid Systems Inc
Edison,NJ,8837,Fruit Passion
Mentor,OH,44060,Caravan Splendors Llc
Clifton Park,NY,12065,Smokeless Cigarettes
Huntsville,AL,35801,Retro Fitt
Durham,NC,27701,JobLink Llc
Carson,CA,90746,Metro Fusion
Bloomsburg,PA,17815,The Players Guild Llc
Milledgeville,GA,31061,"Hull Storey Retail Group, Llc"
Buena Park,CA,90620,Wedding Design Center
Bal Harbour,FL,33154,Tomas Maier
Short Hills,NJ,7078,Dior Short Hills
Greensburg,PA,15601,The Creative Art Store
Aurora,CO,80012,Spyder Jump
Scottsdale,AZ,85251,House of Hoops
Saint Louis,MO,63117,Invisibleshield
Austin,TX,78738,Zeep
Chesterfield,MO,63017,The Neutral Zone
Mesa,AZ,85202,CHINESE DIM SUM INC
Merritt Island,FL,32952,Clayz Arts
Wilmington,DE,19803,Relax Now
Pittsburgh,PA,15205,Get Inked
Harrisburg,PA,17109,2K Kases
College Station,TX,77840,Tiara
Lynchburg,VA,24502,Say It Inc
Lithonia,GA,30038,Far East Herbs
Chesterfield,MO,63005,St. John
Papillion,NE,68046,Nebraska Brewing Company
West Valley,UT,84119,Nikki's Bridal
North Riverside,IL,60546,Kidco
Stroudsburg,PA,18360,What You Knead
Wayne,NJ,7470,Kodak Imaging Network
El Centro,CA,92243,Palomas Interiors
Virginia Beach,VA,23452,Roots
Pittsburgh,PA,15237,"Stickley, Audi & Co"
Chicago Ridge,IL,60415,Cobbler
Charleston,SC,29407,All Natural
Meriden,CT,6451,Nextel Retail Store 2015
Houston,TX,77036,Glitter By Alex
Greendale,WI,53129,Footaction Usa
Salt Lake City,UT,84111,Harmon's
Fayetteville,NC,28303,Halloween Alley
Newburgh,NY,12550,Moon S. Lee MMA
Dallas,TX,75225,Tod's
Danbury,CT,6810,Knit Wits
Louisville,KY,40222,Sephora Usa
Everett,WA,98208,Vapor Eruption
Elyria,OH,44035,"Hindulak, Norm"
Sanford,FL,32771,John's Heel and Sew Llc
Harper Woods,MI,48225,Pageland Communications
Salisbury,NC,28147,Enmar Sunglasses
Woodlawn,MD,21244,Accelerated Tint & Parts Inc
San Angelo,TX,76904,Penney J C Co Inc No 1989
Bellingham,WA,98226,Red Fox
Rapid City,SD,57701,Hills of Grace Fellowship
Louisville,KY,40219,Louisville Store
San Antonio,TX,78247,C D Clark
Eugene,OR,97401,Loren Reimers Od P.C.
San Francisco,CA,94132,La Baguette
Dayton,OH,45459,Integritas
Buena Park,CA,90620,Cash For Gold Llc
Dallas,TX,75240,"Company Of Actors, The"
Bristol,VA,24201,Phyl's of Bristol
Santa Monica,CA,90401,Café Ugo
San Bruno,CA,94066,"Sorabal At Tan Foran, The"
Tarentum,PA,15084,Joan S Fine Art
Holyoke,MA,1040,A Aria Bridal & Formal In
San Bruno,CA,94066,S & L Gem Company
Salt Lake City,UT,84111,Rolex by O.C. Tanner
Sioux Falls,SD,57106,"Macerich Company, The"
Horseheads,NY,14845,Braids And Style
Scottsdale,AZ,85251,AmeriPark Inc
Salina,KS,67401,"Warmack And Company, L.L.C."
Poughkeepsie,NY,12601,579 Shops
Tigard,OR,97223,Artistique Wow Browz
Appleton,WI,54913,"Millard Group, The"
Wayne,NJ,7470,Dzurenda John Od
Grand Forks,ND,58201,Integrity Fundraisers Llc
Buffalo,NY,14219,Linda F Tice
Naples,FL,34108,Pikolino's
Great Falls,MT,59405,Holiday Casino
Pittsburg,CA,94565,Men's Suit Outlet
Gainesville,GA,30501,Brow Line
Portland,OR,97204,Park Ave Market Llc
Las Vegas,NV,89109,"Pliner, Donald J"
Clearwater,FL,33761,Too LLC
Tarentum,PA,15084,ITT Technical Institute
Gilbert,AZ,85296,Industrial Rideshop Llc
Tampa,FL,33607,FLY
San Francisco,CA,94115,So Real Factory
Middletown,NY,10941,D & L Marketing
Atlanta,GA,30345,Aubrey's Closet
Middletown,NY,10941,Smells So Good Inc
La Quinta,CA,92253,Sheri Dettman & Associates
Indiana,PA,15701,Zamias Severices Inc
Mesa,AZ,85202,Speedy Airbrush
Richmond,VA,23230,Pigtails and Crewcuts
Danbury,CT,6810,Collectibles
Dover,DE,19901,"Gap, Inc., The"
Scottsdale,AZ,85251,Agency Arizona Llc
Tucson,AZ,85741,A.I. Company
Lubbock,TX,79414,Corndog Heaven
Elmhurst,NY,11373,Quick View
Fort Collins,CO,80525,Univ of Phoenix
Woodland Hills,CA,91367,Tarzana Chamber Of Commerce Woodland H…
White Plains,NY,10601,Ramee
Las Vegas,NV,89109,T Bands
Marshalltown,IA,50158,Storia Bella
Burlington,NC,27215,Flying Dove Artisan's Studios & Retail…
North Bend,OR,97459,Oregon Martial Arts Acade
Fort Collins,CO,80525,"Elaine's Toffee Co., Incorporated"
Los Angeles,CA,90041,eCosway
Miami Beach,FL,33139,Bell & Ross Inc
Hickory,NC,28602,Omega Outfitters
Dallas,TX,75240,Bedford Print & Copy Center
Stockton,CA,95207,Safeway Gasoline
Meriden,CT,6451,Pietro's Tuxedo Specialists
Euclid,OH,44132,Reality Marketing Assoc
Columbus,OH,43232,Nu Source
Alameda,CA,94501,Studio Grow
Moorestown,NJ,8057,Zeyzani
Dallas,TX,75237,A. Edwards
Bradley,IL,60915,The Gap
Saint Joseph,MO,64505,MetroPCS Authorized Dealer
Saint Charles,IL,60174,"Patel, Nilesh"
Auburn,AL,36830,Maurices Llc
Houston,TX,77070,Willowbrook Hospitality
Tulsa,OK,74135,Fabu-Lash
Manhasset,NY,11030,Donna Karen New York
Lakewood,CO,80226,Belmar Family Medicine
Grapevine,TX,76051,Saltwater Willy's Inc
Las Vegas,NV,89109,Aria Men's
Slidell,LA,70458,Bath and Body Works
Boulder,CO,80301,"Y&L Enterprises, Inc."
Portland,OR,97266,Kmi Assoc Inc
Las Vegas,NV,89109,Lobster ME
Columbus,GA,31909,Rossello David Od
Winter Park,FL,32789,Sirio Tech
Ridgeland,MS,39157,Joy Collection Ii
Arcadia,CA,91007,Nkm Capital Group Llc
Kingston,NY,12401,Vail Llc
Santa Ana,CA,92705,Dona Michi
Fairview Heights,IL,62208,Cardinals Clubhouse Shop Llc
Salt Lake City,UT,84101,"Split Mountain Village, Llc"
Racine,WI,53406,Mirage
Hoover,AL,35244,Bumper Nets
Baltimore,MD,21215,Citizens Review Board Llc
Irving,TX,75062,One Step Shop
Prescott,AZ,86303,Jar of Clay
Fort Worth,TX,76115,Little Princess
Spokane,WA,99207,"Joseph W. Braun, O.D. And Associates"
Greenville,NC,27858,I Smart Message
Ontario,CA,91764,The Mills Corporation
Clearwater,FL,33759,AT&T Authorized Retailer Inc
Grand Island,NE,68803,South American Treasures
Huntington Beach,CA,92647,Tacos De Ojo
Racine,WI,53406,Hot Shades-Art Cart
Auburn,AL,36830,Andrew's
Metairie,LA,70002,Mina's Hallmark
Fort Worth,TX,76116,Susan G. Komen for the Cure
Montgomeryville,PA,18936,Cashmere Squares Llc
Carlsbad,CA,92008,"Boot World, Inc."
Edina,MN,55435,MINQ
Merced,CA,95348,Tucker Produce Company
Hayward,CA,94545,Motiwala Enterprise
Bethesda,MD,20817,Met Bethesda
Orangeburg,SC,29115,"Hull Storey Retail Group, Llc"
Bloomingdale,IL,60108,All That
Gainesville,FL,32605,Sandra's Lunchbox
Culver City,CA,90230,Feetworks
Chula Vista,CA,91915,Mickey South
Corpus Christi,TX,78411,Diet Center Corpus Christi
Glendale,CA,91210,La Baguette
Baton Rouge,LA,70815,Around Town Studios
Visalia,CA,93277,Dairy Queen/Orange Julius
Spokane,WA,99207,Urban Blends
Fort Smith,AR,72903,Neighborhood News Ii
Paramus,NJ,7652,U.S. Polo Assn.
Asheville,NC,28805,Little Star Cajun
Fayetteville,NC,28303,Oecc
Bridgewater,NJ,8807,Baja-B-Que
Leawood,KS,66209,"Antique Sampler, LLC"
Tallahassee,FL,32301,Halloween MegaStore
Riverside,CA,92503,Duke'z
Cleveland,TN,37312,Princess Jewerly
Bel Air,MD,21014,Harford Quick Mart
Charlotte,NC,28216,Carmen! Carmen!
Bakersfield,CA,93304,Most Stickers
Los Angeles,CA,90067,Fit2Run
Chesterfield,MO,63017,Y.S. Rho Martial Arts
Bakersfield,CA,93304,De Colores
Columbus,IN,47201,J Nicole
Brunswick,GA,31525,"Frank-Beth, Inc."
Eureka,CA,95501,"Nguyen, Maryann Bty Connctn"
Bloomington,MN,55425,Chick Wich
Phoenix,AZ,85016,Concierge Center
Plantation,FL,33388,I Luv Hair
Hingham,MA,2043,Three Forty Four Llc
Birmingham,AL,35243,Talbots Llc
Sunrise,FL,33323,Matchbox
Raleigh,NC,27612,Levi Stores
Piqua,OH,45356,Emerald Hospitality
Broomfield,CO,80021,RKW Enterprises
Prescott,AZ,86303,The Whiskey Pistol
Miami Beach,FL,33139,Calvary Chapel Of Miami Beach
Santa Ana,CA,92705,Kan DO Inc.
Meriden,CT,6451,"Clear Channel Communications, Inc."
Saratoga Springs,NY,12866,Local Legends Enterprises Incorporated
Myrtle Beach,SC,29577,Heart to Heart
Milpitas,CA,95035,"Neiman Marcus Group Llc, The"
Lakewood,CO,80226,The Joint Chiropractic
Glendale,AZ,85308,Bad Boy Blades
Auburn,WA,98001,Eti Quette
Allentown,PA,18103,Bolton's
Burnsville,MN,55306,Solar Ex
Okemos,MI,48864,Oriental Accent Arts
Chicago,IL,60611,Blowtique
Orange Park,FL,32073,The Connection
Tallahassee,FL,32303,Autism Institute
Grand Forks,ND,58201,Nature's Country Store
Twin Falls,ID,83301,Mybullfrog.Com
San Bernardino,CA,92401,Exposure
Corte Madera,CA,94925,Splendid 859
Austin,TX,78757,Kimberly Parker
Chesterfield,MO,63005,Armani
Monaca,PA,15061,El Campo
Plano,TX,75093,Scrubs Style
Tempe,AZ,85282,"Tilly's, Inc."
Dallas,TX,75240,The Schlichting Group
Kennesaw,GA,30144,My Story
Tampa,FL,33609,"Thomas, Misrak"
Burnsville,MN,55306,My Pillow
Taylor,MI,48180,De Jaeger Construction Inc
Las Vegas,NV,89044,TSA Summerlin
Mentor,OH,44060,Quick Fix USA
Ogden,UT,84405,Down East Basics #2
Monroe,LA,71203,Monogramania
Victor,NY,14564,Mark's Pizzeria
Dayton,OH,45459,Linens & More for Less Llc
Altamonte Springs,FL,32701,Treat From Heaven
Columbus,GA,31909,Smart Buy
Orlando,FL,32819,Taverna OPA
Vernon Hills,IL,60061,Total Wedding
San Francisco,CA,94115,Runway NY
Las Vegas,NV,89109,Allure
Cincinnati,OH,45245,Inlight Studios Llc
Johnstown,PA,15904,"Johnstown Galleria, The"
Lakewood,CO,80226,Positively Jake
Calumet City,IL,60409,Calumet City Chamber of Commerce
Cupertino,CA,95014,Strike
Thousand Oaks,CA,91360,We Olive Thousand Oaks
Houston,TX,77082,HJ Smoothies & Creamery
Morristown,TN,37813,Red's Vinyl Graphics
Norridge,IL,60706,Opinions LTD
Bellevue,WA,98004,"Bellevue Square Managers, Inc."
Tempe,AZ,85282,Acceptance
Laguna Hills,CA,92653,Paul's Products
Saint Peters,MO,63376,First Class
Jackson,MI,49202,Furnish IT
Las Vegas,NV,89109,"Choo, Jimmy"
Horseheads,NY,14845,Community Job Center
Louisville,KY,40207,Smoothies For You
Dayton,OH,45459,Shï
Lexington,KY,40503,Greek Gyros Inc
Henderson,NV,89014,"Jenny H. Kim, O.D., Llc"
Saint Charles,IL,60174,Coopers Hawk
Cape Girardeau,MO,63703,R00
Charleston,SC,29407,Airbrush Art
Bethesda,MD,20817,Lobster ME
Asheville,NC,28805,Earth Bound Trading
Sacramento,CA,95825,Bath Fitters
Madison,WI,53704,Best Com
Columbia,SC,29210,C T C Fiesta Balloons
Las Vegas,NV,89109,Planet Hollywood Towers By Westgate Co…
Chesterfield,MO,63017,BAM!
Aurora,CO,80012,Rosenthal Henry
Fort Lauderdale,FL,33304,Capri Resort Llc
Yuma,AZ,85364,Dennesio's Pizzeria Llc
Waterbury,CT,6706,Men's Mart
Rogers,AR,72758,Mark Anthony Group
Houma,LA,70364,Babbage's Etc.
Irvine,CA,92618,Lorna Jane
Henderson,NV,89014,EVER
College Station,TX,77840,The Pink Zebra Llc
Saint Cloud,MN,56301,Bristow's
Austin,TX,78738,Milk & Honey Day
Raleigh,NC,27616,Celik Sunglasses
Buffalo,NY,14219,I-Fix
Riverside,CA,92503,The Tech Center Llc
Dewitt,NY,13214,Syracuse Martial Arts Academy
Charlotte,NC,28211,Arthur's Inc
Butler,PA,16001,Truly Yours Inc
Myrtle Beach,SC,29577,Chef Smitty's
Alameda,CA,94501,Chamber of Commerce
Flagstaff,AZ,86004,Easy Relax
Frackville,PA,17931,This 'n That
Lakewood,CA,90712,Ice Island
Bridgewater,NJ,8807,My Expert PC
Phoenix,AZ,85016,Pork On A Fork
Kingsport,TN,37664,"Nutty Java, The"
Louisville,KY,40207,Bread Way Company
Roseville,CA,95678,BOSS Store
Las Vegas,NV,89109,"Jacobs, Marc"
Vancouver,WA,98662,Hawaiian Vapor
Gainesville,GA,30501,Nunuie Enterprise Llc
Davenport,FL,33837,Modern Day Tiffany
Laredo,TX,78041,Hq Entertainment
Wichita Falls,TX,76308,Anita Le Od
Buford,GA,30519,My Room Rocks
Abilene,TX,79606,"Blue Kangaroo, The"
Knoxville,TN,37924,Tbx Alterations
Las Vegas,NV,89107,Tilly's Inc.
Concord,CA,94520,TriValley Cash for Gold
Concord,CA,94520,Ja And Ajinc.
Mesa,AZ,85206,QuickView
Palmdale,CA,93551,The Silver Depot
Gilbert,AZ,85296,Skaha Atm
Woodland Hills,CA,91367,Woodland Hills Ice
Jackson,MI,49202,Hoffman Machine
Greenville,SC,29607,Blackwell Rh & Assoc Pa
Buffalo,NY,14219,Jennys Foot Reflexology
Tuscaloosa,AL,35404,Dubose Wesley A Od
Columbus,GA,31909,Manhattan
San Francisco,CA,94115,Mifune
Wilmington,NC,28403,Southern Gents
Miami Beach,FL,33139,"H. Rula Giosmas, A.P."
Pearland,TX,77584,Creepy Hollow Entertainment Llc
Slidell,LA,70460,"Wonch, Jason Od"
Metairie,LA,70006,Curries and More
Gallup,NM,87301,SW Ink
College Station,TX,77840,Trendy Kidz
Columbia,SC,29223,A & D Buffalo
Killeen,TX,76543,Agasi
San Jose,CA,95129,J Crew Factory
Dedham,MA,2026,Showcase
Victor,NY,14564,Famous Teryaki
Antioch,CA,94509,Gurus 4 Gadgets
Capitola,CA,95010,Cutegirlcom
Bakersfield,CA,93304,Valley Shades
Dewitt,NY,13214,Brancato's LaPizzeria
Dayton,OH,45459,Brenda's Crafts
Vineland,NJ,8360,T Mobil
Portland,OR,97204,Ocean Aloha
Roseville,MN,55113,Flame- Cooking With Fire
Tucson,AZ,85741,Destination Tan
Columbus,IN,47201,Oriental City
Washington,PA,15301,Oil & Gas Safety Supply
Dedham,MA,2026,Stil Studio
Pembroke Pines,FL,33026,Lux Moda
Estero,FL,33928,Mack @ Dillards Coconut Point
Baltimore,MD,21236,Hany's Glass Art Studio
Carbondale,IL,62901,Embroidery Station
Logan,WV,25601,Nu-Era Country Store
San Antonio,TX,78257,The Hofbrau
Stamford,CT,6901,"Know Style, Inc."
Scottsdale,AZ,85251,Coach Remote Stockroom
Eugene,OR,97401,Fresh & Natural
Redmond,WA,98052,VALA Art Center
Yuma,AZ,85364,Caleres
Poughkeepsie,NY,12601,Santa Pen
Phoenix,AZ,85033,San Salvador
Council Bluffs,IA,51503,Cruise One
Sherman Oaks,CA,91423,Except
Maryville,TN,37801,Brown's Chiropractic
Richmond,VA,23233,"NAI Eagle, LLC"
Houston,TX,77036,Casanova Collezioni
Winston-Salem,NC,27103,Willow Creek II
Louisville,KY,40219,Titanium Straight
Grand Forks,ND,58201,Toucan Intl. Market
Columbus,OH,43240,"Neader, Eric E"
North Riverside,IL,60546,De Colores
Westlake,OH,44145,87 West
Selinsgrove,PA,17870,Hans Cedardale Satellite
West Nyack,NY,10994,Hattrick Design
Pembroke Pines,FL,33026,China Max Of Pembroke Pines
Odessa,TX,79762,Simona Salegean O D
Charleston,SC,29407,Charleston Bead Company
Buffalo,NY,14219,Jainlee Collectibles
Buena Park,CA,90620,Paradise Post American Legion Post No.…
Freehold,NJ,7728,Laser Xpressions
City Of Industry,CA,91748,I-Sweet
Austin,TX,78738,Bed Beds & More
Forestville,MD,20747,Bosses Only Llc
Columbus,GA,31909,Beds Expo
Bloomsburg,PA,17815,O'Connor & Associates
Plano,TX,75093,A Bridal Closet
Albuquerque,NM,87114,Cherry & Silver
Brandon,FL,33511,Urban Cool
Saint Clairsville,OH,43950,"Himalaya, The"
Brandon,FL,33511,Madeira Brandon LLC
San Antonio,TX,78205,Delia's Llc
Scranton,PA,18503,Austrian Crystal
Bakersfield,CA,93306,"Castro, Patricia"
Williamsville,NY,14221,Touch
Cleveland,TN,37312,U S Telecom
Bloomington,MN,55425,Len
Santa Clara,CA,95050,Royal
Ogden,UT,84405,Roosters Fun Unlimited
Miami,FL,33147,Daniel Lopez
Visalia,CA,93277,M'Fasis
Riverside,CA,92503,Xtreme
Manhasset,NY,11030,TWO by London
Miami Beach,FL,33139,Scotch and Soda
Egg Harbor Township,NJ,8234,Jalepenos & Salads Co.
White Plains,NY,10601,The Noerr Programs Llc
Rochester,NY,14626,Benzers
Elmhurst,NY,11373,Queens Place Center
Bellingham,WA,98226,Bratz in Vogue
Baton Rouge,LA,70836,Pampos
Presque Isle,ME,4769,Holton Farms Dairy
Alameda,CA,94501,Gelati POP
Tarentum,PA,15084,Komplete Martial Arts
Richmond,VA,23229,Tire America at Sears
Memphis,TN,38117,4 Ever Young
Charleston,SC,29406,GJ Modern Impressions
San Antonio,TX,78238,Blackfly
Lafayette,IN,47905,Lafayette
Oklahoma City,OK,73149,Laughing Fish
Wyomissing,PA,19610,Dq/Oj Treat Center
Green Bay,WI,54302,Mani Fit Alterations
City Of Industry,CA,91748,Red Ribbon Bakeshop Inc.
Omaha,NE,68114,Gyro N More
Sarasota,FL,34238,V & J Custom Embroidery
Wilmington,NC,28403,Carmen Carmen
Meridian,MS,39301,Kreative Air
Austin,MN,55912,"Mower, County Of"
Stockton,CA,95207,Genesi
Exton,PA,19341,Norman's Hallmark
Saint Cloud,MN,56301,Okongo Enterprises
Corpus Christi,TX,78412,"Gonzales, Estella"
Panama City Beach,FL,32413,Dick's Last Resort
Henderson,NV,89014,Collectors Playground
Arcadia,CA,91007,Sugar K
Waco,TX,76710,Snapshots/LA
Newport Beach,CA,92660,The Colony Companies
Williamsville,NY,14221,"Rugz, The"
Selma,AL,36703,Anu Koncept & Associates
Denver,CO,80216,Denver Dumb Friends League Llc
Odessa,TX,79762,M Lo Plus
Cape Girardeau,MO,63703,Woodland Trails
Hayward,CA,94545,Urban Ice
Port Charlotte,FL,33948,A Lys Facials
Danbury,CT,6810,I AM
Cape Girardeau,MO,63703,"Justice, Just for Girls!"
Troy,MI,48083,Consumer Testing Center
Hackensack,NJ,7601,ILORI
Albuquerque,NM,87110,LongHorn's
Tallahassee,FL,32303,Manor Auctions Llc
Everett,WA,98208,International Rugs And Blankets
Flagstaff,AZ,86004,"Macerich Company, The"
Las Vegas,NV,89109,Carnevino Llc
Huntsville,AL,35806,Pinz Bowel
Tallahassee,FL,32303,Modern Communications Llc
Dewitt,NY,13214,Rhythms of Syracuse
Antioch,TN,37013,"Moves And Grooves, Inc"
Novi,MI,48377,Selfie Stix
Burbank,CA,91502,Andres Martial Arts
Vineland,NJ,8360,Chik-fil-A
Champaign,IL,61820,Subway Rest
Adrian,MI,49221,York County Designs
Yonkers,NY,10704,Catch 22 Llc
Livonia,MI,48152,Johnny's Llc
Bemidji,MN,56601,Okongo Enterprises
Carmel,IN,46032,Oliver's Twist
City Of Industry,CA,91748,Ohayo
El Centro,CA,92243,Rene Arvizu Mendez
Yuma,AZ,85364,Dennesio's Pizzeria Llc
Cincinnati,OH,45236,Maison De Sourcils Llc
Friendswood,TX,77546,Baybrook Newstand
Austin,TX,78738,AmeriPro Funding
Danbury,CT,6810,Okaidi
Temecula,CA,92591,Promenade Optometry
Augusta,GA,30909,"Talbots, Inc., The"
Hayward,CA,94545,Yo Bowl
San Angelo,TX,76904,Mr Dog
Denver,CO,80202,Summitt Shade Sunglasses
Greensboro,NC,27407,Journeys Kidz Llc
Salt Lake City,UT,84101,Mountain Town Olive Co. Llc
Blaine,MN,55434,Q Picture Studio
Morrow,GA,30260,"Balboa, Inc."
Ashland,KY,41101,JoAnn Fabrics & Crafts
Novi,MI,48377,Marlee's by Tapper's
Spokane Valley,WA,99216,Red Fox
Irving,TX,75062,Lone Star Moblie
Bakersfield,CA,93306,Deep Adorn
Clay,NY,13041,"Record Town, Inc."
Logan,UT,84341,CAL Ranch Stores
Houston,TX,77024,Impression Silver
San Francisco,CA,94103,Edition by Banana Republic Llc
Dewitt,NY,13214,Dewitt Community Library
Christiansburg,VA,24073,Cinco De Mayo Llc
Downey,CA,90241,Kim's Embroidery
Anderson,SC,29621,Paris
Asheboro,NC,27203,Eagle Springs Trading
Superior,WI,54880,"Dcc Solutions, Llc"
Milpitas,CA,95035,Great Mini Mart Inc
Auburn,WA,98001,Natural Aquatics
Springfield,PA,19064,Metro Crew
Dayton,OH,45459,TNT Snack Shack
San Antonio,TX,78205,Papa G's
Sherman Oaks,CA,91423,Lorna Jane
Des Moines,IA,50315,Susan G Komen
Montgomery,AL,36117,Reef
Livonia,MI,48152,JT Gems
Denver,CO,80216,Hu Hot
Horseheads,NY,14845,Santan
Estero,FL,33928,Art Council of SWFL
Florence,AL,35630,Smith Glass Designs
Portland,OR,97266,Golden Rudder Inc
Wyomissing,PA,19610,"Om Shri Sai, Inc."
Greensboro,NC,27401,Poblano's Inc
Provo,UT,84601,Tokyo Sweet
Waterbury,CT,6706,Bye Stress
Scottsdale,AZ,85251,ILORI Inc
Rockford,IL,61112,Lazer Maze
Quincy,IL,62301,Party Shop The
San Francisco,CA,94103,Bloem'n Sugar
Louisville,KY,40207,Pandora Of Louisville
San Antonio,TX,78205,Rivecenter Comedy Club
Pearland,TX,77584,Sustainable Livable Communities Fund L…
Houma,LA,70364,Rice Phillip
Phoenix,AZ,85033,San Salvador
Gallup,NM,87301,Curly joe's
Victor,NY,14564,Macarollin
Grand Rapids,MI,49512,d.e.m.o.
Glendale,AZ,85308,Kuxtaly Hb
Lakewood,CA,90712,Arza Soccer
Austin,TX,78738,Bolla Vita
Puyallup,WA,98373,Jlh Family Llc
Newport,KY,41071,Locomotion on the Levee
Buffalo,NY,14219,Stoltz/Management/Mckinley Mal
Santa Monica,CA,90401,Magicopolis Llc
Rochester,NY,14626,Benucci's
Bourbonnais,IL,60914,ATA Black Belt Academy Inc
Alamogordo,NM,88310,American Sprit Tae Kwon Do
Hattiesburg,MS,39402,Monogram Hut Llc
Defiance,OH,43512,We're Rolling Pretzle Company
Bay Shore,NY,11706,Bebe Stores Incorporated
Richmond,CA,94806,Richmond Associates
Pembroke Pines,FL,33026,Shades Of Boca Llc
Cedar Park,TX,78613,"Edge, The"
Pearland,TX,77584,Relaxation
Titusville,FL,32780,Hae Yon Kanzlemar Sewing
Beaumont,TX,77706,Harmony Blendz
Orlando,FL,32809,Proactive
Yuma,AZ,85364,Target Capital Account
Houston,TX,77024,Zen Character Llc
Columbus,OH,43240,Prior Avenue
Los Angeles,CA,90041,J. Dew Collection
Cheyenne,WY,82009,Coin Play
Las Vegas,NV,89109,Memorabilia International
Stockton,CA,95207,Kym With A Y
Greenwood,SC,29649,Sykes Enterprises
Seattle,WA,98125,Laura's Alterations
Elyria,OH,44035,Elyria Community Improvement Corporati…
Saratoga Springs,NY,12866,Saratoga County DMV
Charleston,SC,29406,Calendar Club Llc
Edison,NJ,8837,TicketMaster
San Francisco,CA,94132,Fully Laced
Cerritos,CA,90703,DwnTwn
Langhorne,PA,19047,Oxford News
San Rafael,CA,94903,Troys Express Anime
Atlanta,GA,30363,Priqueen International Llc
Danville,VA,24540,Navy Recuuiting Station
Charleston,SC,29407,Amy's Hallmark Inc
Jacksonville,NC,28546,Smart Buy
Papillion,NE,68046,Sam's
Fort Myers,FL,33913,"Ups Store, The"
Saint Peters,MO,63376,Westfield Mid Rivers
Merritt Island,FL,32952,Tran Jacqueline Od
Portland,OR,97217,BZ Ventures LLC
Elizabeth,NJ,7201,Supra
Miami,FL,33134,CircuitCity
Gainesville,GA,30501,Legacy Shoppe
West Valley,UT,84119,J B Variety
Westminster,MD,21157,Anstine-Smith
Austin,TX,78738,"American Campus Communities, Inc."
Fort Lauderdale,FL,33313,Check Cashing And Loans Inc
Lithonia,GA,30038,Collectibles
Natick,MA,1760,Ferragamo Usa Corporation
Austin,TX,78738,"Blue Matrix Labs, Llc"
Houston,TX,77056,The Westin Galleria
Beachwood,OH,44122,Time Change
Carmel,IN,46032,Men's Warehouse
Indianapolis,IN,46254,Jade Sunrise Corporation
Brownsville,TX,78521,Tcp 1203 A
Barboursville,WV,25504,Universal federal Credid Union
Seattle,WA,98125,Mark's Hallmark Llc
Florence,KY,41042,Blackout Wholesale Wholsle
Cary,NC,27511,A T Cross Company
Burnsville,MN,55306,Custon Deisgn
Arcadia,CA,91007,Dimples
Oviedo,FL,32765,New Age Trading LLC
Silver Spring,MD,20910,Foot And Ankle Surgery Center Of Silve…
Nanuet,NY,10954,Regal Nanuet Stadium 12
Danville,VA,24540,X - S Alterations
Myrtle Beach,SC,29572,Uptown
Beachwood,OH,44122,Fad Friendzies
Paramus,NJ,7652,Neuhaus
Westlake,OH,44145,Charming Charlies
Concord,CA,94520,The Body Shop Llc
North Randall,OH,44128,Aqua Equine Training Center
Garden City,NY,11530,Verizon Fios
Taylor,MI,48180,Glow Works
Fort Myers,FL,33913,Painting with a Twist
Pineville,NC,28134,Belk Rrd
Chesapeake,VA,23321,Greg' Edwards Dba Greg's Airbrushing
San Antonio,TX,78205,Primarily Purple Of Texas Inc
Provo,UT,84601,King Kebab
Jackson,MS,39209,Enzo
Estero,FL,33928,Van Heusen 437
Phoenix,AZ,85016,Jin Express Alterations
Woodland Hills,CA,91367,The Rack
Green Bay,WI,54304,"The Bon-Ton Stores, Inc."
Albany,GA,31707,Wing Dixie And Deli
Steubenville,OH,43952,Moorehead Communication
Richmond,VA,23235,Bobalicious
Santa Barbara,CA,93101,Schurman Retail Group
Cincinnati,OH,45246,Platta
Saint Louis Park,MN,55426,Transtech
Rutland,VT,5701,Gatsby's Antique Center
Meriden,CT,6451,American Fragrances
Scottsdale,AZ,85251,Susan Nelson At Puma Design
Chattanooga,TN,37411,"Molly Maid, Inc."
Chattanooga,TN,37415,For the Record
Erie,PA,16565,Cafaro Peachcreek Co (Ltd)
Hastings,NE,68901,Bradley Operating Limited Partnership
Elmhurst,NY,11373,Get It Straight One
Milford,CT,6460,At&T Mobility Llc
Hazelwood,MO,63042,Go Calender Club
Columbia,MD,21044,Hoop Retail Stores
Fort Walton Beach,FL,32548,Itech Shop
Durham,NC,27713,At&T Store
Fort Myers,FL,33913,St. John Knits /LA
Tampa,FL,33625,Brow Art 123
Cincinnati,OH,45251,Gq For Men
Miami Beach,FL,33139,Haven
El Centro,CA,92243,Deli Haus
Tucson,AZ,85741,Mohammad Nazir & Sons Llc
West Nyack,NY,10994,"Palisades Comedy, LLC"
Daytona Beach,FL,32114,CCS
Salem,OR,97301,"Jdc Ventures, Llc"
Hayward,CA,94545,New World Funiture
Raleigh,NC,27616,Nature's Pearl
Chesterfield,MO,63017,Oasis
Charleston,SC,29407,Manhattan II Llc
Billings,MT,59102,Rimrock 4-Seaters
Mesa,AZ,85202,Jahan
Glendale,CA,91210,SAME DAY Lounge
Horseheads,NY,14845,Snack 'n More
Vineland,NJ,8360,BJ's Gas
Altamonte Springs,FL,32701,COPS Center
Cambridge,MA,2141,Terra And Table
Raleigh,NC,27612,Prime Commumnications
Sanford,FL,32771,Mandarin Express Llc
Greenwood,IN,46143,InStyle Hair
Yorktown Heights,NY,10598,Tropical Smoothie
Johnson City,TN,37601,"Honeycutt, Chris"
Temple Hills,MD,20748,PA Palace
Sherman Oaks,CA,91423,We're Nuts
Glendale,AZ,85308,Puppies 'N' Love
Clifton Park,NY,12065,Art On Tap Studio
Columbus,IN,47201,Zales
Bloomington,MN,55425,Peeps & Co.
Stroudsburg,PA,18360,New York Dept. Store
Columbus,OH,43240,Mnc Enterprises Inc
Northridge,CA,91324,Vanity District
Forestville,MD,20747,DXL Destination XL
Huntsville,AL,35806,Greek Gyros Express Inc
Glendale,WI,53217,"Woodstraw, David"
Santa Ana,CA,92705,Heads-Up
Elyria,OH,44035,Mezcal Tequila
Milledgeville,GA,31061,No 1. Men's Fit
Saint Petersburg,FL,33710,Nomi Technologies Inc
Daly City,CA,94015,"Shieh, Joann Od"
Indianapolis,IN,46204,St. Elmo
Minot,ND,58701,Minot Lodging Expo Llc
San Antonio,TX,78238,Sunny Shade
Shawnee,OK,74804,Kool Stuff
Mays Landing,NJ,8330,Comcast
Spokane,WA,99201,"Runners Soul Spokane, Inc."
Memphis,TN,38116,4 Ever Young
Staten Island,NY,10314,Sib T
Oxford,AL,36203,Play Place The
Pensacola,FL,32504,Top Of The Line Fragrance
Richmond,VA,23235,Adonai Alterations
Poughkeepsie,NY,12601,"Casual Male Retail Group, Inc"
South Portland,ME,4106,Kamasouptra
San Jose,CA,95129,Lovit Corporation
Austin,TX,78738,American Academy Of Nurse Practitioner…
Blaine,MN,55434,Just
Murrells Inlet,SC,29576,Inlet Sq Meeting Room Llc
Fort Smith,AR,72903,Nicole S Taylor O D
Santa Monica,CA,90401,"Geni, Inc."
Fayetteville,NC,28303,Tag It Llc
Denver,CO,80216,Reliance Resource Inc
Miami Beach,FL,33139,AltaMare
Columbia,MD,21044,Jacob Dairy & Non-Dairy Lab
Charleston,SC,29406,Men's Warehouse Tuxedo..
Laredo,TX,78041,Luby’s
Lithonia,GA,30038,Market Deli
Winter Park,FL,32789,Mitchell's Fish Market
Lake Charles,LA,70601,The Junction Llc
Lancaster,OH,43130,I Hop 3299
Lynnwood,WA,98037,Jennifer's
Houston,TX,77092,Soul 21
Waterbury,CT,6706,"Asian Pearl, LLC"
Fort Worth,TX,76115,Town Center Tower Leasing
Akron,OH,44310,Chapel Hill Management
Wichita,KS,67209,Third Planet Inc
Daly City,CA,94015,"Holland, Paul R"
Scottsdale,AZ,85251,Foreign Citizens
Grand Forks,ND,58201,Nick Lee Art Inc
Lakeland,FL,33809,Rd Management
Des Moines,IA,50315,Des Moines Jaycees Llc
Hagerstown,MD,21740,Oops! Outlet
Las Vegas,NV,89107,"Kopolow, Kenneth H Associates"
Texarkana,TX,75503,Body Shop Bsc274
Council Bluffs,IA,51503,b-skew’d
Flagstaff,AZ,86004,Foto Studio 1
Killeen,TX,76543,Relax Body And Mind
Thousand Oaks,CA,91360,Bericup
Elmhurst,NY,11373,Bling Bling
Pompano Beach,FL,33071,Stekel Enterprises
Stockton,CA,95207,Inspire Nurtrition
Spokane,WA,99201,Lelands On Wall
Orange Park,FL,32073,Starfire
Las Vegas,NV,89107,DaVita Kidney Care
Massapequa,NY,11758,Helen Of Troy Bras
Swansea,MA,2777,Hocus Pocus
Gainesville,FL,32605,Indigo Denim Company
Aberdeen,SD,57401,Artworks Cooperative
Northbrook,IL,60062,Get Happy
Kansas City,MO,64153,"Federal Alliance Group, Llc"
Milledgeville,GA,31061,Eckerd
Tucson,AZ,85741,Thunder Canyon Brewery Llc
Monroeville,PA,15146,Giggles & Smiles Llc
Edina,MN,55435,CRAVE
Houston,TX,77082,Fabulosity
Portland,OR,97266,Zuna Enterprises Inc
Myrtle Beach,SC,29572,Kendall's Hallmark
Raleigh,NC,27609,Q Shack The
Rancho Cucamonga,CA,91739,Islamorada Fish Co.
Orange,CA,92865,Pauls Products - World Famous Wigs
Bossier City,LA,71111,After Thoughts
Estero,FL,33928,Relax the Back
Montclair,CA,91763,Mountain View Tire Center
Gilbert,AZ,85296,Children's Play Area
Ventura,CA,93003,Jersey Mike's
Tukwila,WA,98188,Duke's Chowder House
Atlanta,GA,30363,Rosebud
Santa Fe,NM,87507,Santa Fe Harley Davidson Inc
Moreno Valley,CA,92553,Neha Enterprises Llc
Bloomington,MN,55425,Champ's Just Hats
Orlando,FL,32809,Ron John Surf Shop
Overland Park,KS,66223,LPB
Edina,MN,55435,Twill by Scott Dayton
Toledo,OH,43623,Destination Maternity Llc
Pompano Beach,FL,33071,Wholesale Addiction
Hutchinson,KS,67501,A World of Sun
Columbus,OH,43219,Ohio Center For Broadcasting
Richmond,VA,23235,T Mania
Edison,NJ,8837,Michael's Deli
Ridgeland,MS,39157,King Tortas International
Elizabethtown,KY,42701,360
Fort Wayne,IN,46804,Clem's Collectibles Inc
Rochester,MN,55902,Pixy
Roseville,MN,55113,Cub Pharmacy 1932
Wichita Falls,TX,76308,Colin Castleberry P A
Eureka,CA,95501,GIANNI For Men Llc
Lake Jackson,TX,77566,"Lormacias, Lanak"
Slidell,LA,70460,Louises Sugar And Spice Bake Shop
Tampa,FL,33609,Cobblers Corner
Winston-Salem,NC,27103,Zoom Insights
Du Bois,PA,15801,Proactive Zoom Shop
Las Vegas,NV,89169,Nima Las Vegas
Palmdale,CA,93551,Khaled Obeid Corporation
Orlando,FL,32809,CLEAR
Pasadena,TX,77506,Stage Door Inc
Lakeland,FL,33803,Bright House
Palm Desert,CA,92260,Brow Arc
Raleigh,NC,27616,Holly's Korner Kollectibles
Waterbury,CT,6706,Bella
Tracy,CA,95304,Art Of Reflexology & Quick Fix
Columbus,OH,43219,Guardian Enterprise Group/pax 51
White Plains,NY,10601,White Plains Performing Arts Center
Sunrise,FL,33323,G.H. Bass & Co
Bal Harbour,FL,33154,Segafredo Bal Harbour
Austin,TX,78738,Clearview
Houston,TX,77075,Lollipop
Clarksville,TN,37040,Ideal
Alliance,OH,44601,TAZ Gaming Llc
Ventura,CA,93003,Riverland
Miami,FL,33172,Digital Universe Inc.
Sherman Oaks,CA,91423,"Taylor, Ann Loft"
Lakeland,FL,33803,Apples to Zinnias
Lafayette,IN,47905,La Caperucita
Vancouver,WA,98662,Threadesign
Grapevine,TX,76051,Love & War Of Texas
Biloxi,MS,39531,Treasures I
Lynnfield,MA,1940,Pink Victoria's Secret
Laredo,TX,78041,Vegas Royalty
Winchester,VA,22601,Protel
Eden Prairie,MN,55344,Marbles:The Brain Store Llc
Ocala,FL,34474,Full Body Balance
Clifton Park,NY,12065,Marino Design Group Llc
Dalton,GA,30721,Picture Perfect
Dayton,OH,45440,Lee Hecht Harrison Llc
Findlay,OH,45840,Dunham's Athleisure Corporation
Thousand Oaks,CA,91360,Tris
Grand Junction,CO,81505,Wig-N-It
Rancho Cucamonga,CA,91739,Lewis Family Playhouse
Chesterfield,MO,63017,Camille La Vie Llc
Midland,MI,48642,G Nc Of Midland
Layton,UT,84041,Fye
Slidell,LA,70460,"Slidell, City Of"
Novi,MI,48377,Nestle Tollhous
Heath,OH,43056,Heirloom Anthlogy
Provo,UT,84601,Command Deck
Atlanta,GA,30326,Pure Atlanta
Fairview Heights,IL,62208,iWorx Electronix
Beavercreek,OH,45431,Yoogurt
Capitola,CA,95010,Sunje America Inc
Columbia,SC,29204,M B Kahn Construction
Dalton,GA,30721,Joker's Audio Llc
Bristol,VA,24201,Art Treasures Inc
Alameda,CA,94501,Trabocco
Buffalo,NY,14219,Intertech Digital
Newark,CA,94560,Charley's Chili Stakes
Tempe,AZ,85282,Top of the Line Fragrance
Atlanta,GA,30363,Polygon Atlanta
Brandon,FL,33511,Greg's Hallmark Shoppe
North Bend,OR,97459,The Rose Palette
Lynchburg,VA,24502,RecDirect Factory Outlets
Woodland Hills,CA,91367,All Star Collectibles
Fort Worth,TX,76115,Little Princess
Dearborn,MI,48126,Mini Mii
Tucson,AZ,85711,"Wang, Zhen Yuan"
Wausau,WI,54403,Cherry Pickers1
Fargo,ND,58103,Zales
Mesa,AZ,85202,LA Carreta DE Lily
Phoenix,AZ,85032,Arizona National Guard Inc
Wilmington,NC,28403,Mitchum Optometry Group
Little Rock,AR,72205,Things Remembered Llc
Wichita,KS,67205,Basic Beginnings Educational
Fayetteville,AR,72703,N Style Direct
Calumet City,IL,60409,Impressions
Des Moines,IA,50315,Goodwill Industries of Central Iowa
Manhattan Beach,CA,90266,Soma By Chico Store 509
Woodbridge,VA,22192,Designer Suit Factory
Pompano Beach,FL,33071,Perfect Curves
Cedar Park,TX,78613,Clique Studio Inc
Saugus,MA,1906,Yo passion
Glendale,AZ,85308,Whirld Concepts
Prescott,AZ,86303,Pearson Kerry
Wyomissing,PA,19610,Princess Academy
Los Angeles,CA,90008,Community Build
Pompano Beach,FL,33071,Aftab Shaheen
Dalton,GA,30721,Pasterleria Carmen
Kingston,NY,12401,Cool N Hip
Atwater,CA,95301,Postal Connection Inc
Burnsville,MN,55306,Beddy Buy
Plantation,FL,33388,Ps Imports Fl
Louisville,KY,40207,Sanibel Sunglass Company
Lexington,KY,40503,Dead Sea Products Llc
Miami,FL,33172,Addiction Piercings
Columbus,OH,43240,Lifeway Christian Resources
Bloomsburg,PA,17815,My Town Family Education Center Inc.
Raleigh,NC,27609,McKenzie TRIBE
Madison,WI,53704,Belle Pizzelle
Plano,TX,75093,Aquashop
Pearland,TX,77584,"Hensley Lamkin Rachel, Inc."
Chesapeake,VA,23320,"Unifin, Inc."
Racine,WI,53406,The B-12 Store
Hollywood,CA,90028,Hollywood Pizzeria Express
Newark,CA,94560,"Florsheim, Inc."
Erie,PA,16565,Eddie Bauer Outlet Llc
North Riverside,IL,60546,Pyramids
Aventura,FL,33180,La Martina
Downey,CA,90241,Next
Jefferson City,MO,65109,Rock Of Class
Annapolis,MD,21401,Koo's Wigs
Atlanta,GA,30345,Atlanta Farmers Market
Auburn,AL,36830,Radio World Inc
Saratoga Springs,NY,12866,Baynard Young Consulting
Pennsdale,PA,17756,Stuffing Company
Orlando,FL,32809,Quiksilver/Roxy
Troy,MI,48083,Far East Etc
Chicago,IL,60611,Marbles: The Brain Store
Nampa,ID,83651,Tiffanys Gem Shop
Portland,OR,97232,PacifiCorp
Livonia,MI,48152,Weija Lang
Tucson,AZ,85741,Destination Tan
Seattle,WA,98125,Jujubes
Hoover,AL,35244,"Connections, Inc."
West Valley,UT,84119,Jio Wholesale
Vero Beach,FL,32966,Halo Rescue
Austin,TX,78757,Austin Kung Fu Academy
Minot,ND,58701,Water Park Splash Down Dakota
Lubbock,TX,79414,Marietas Llc
North Miami Beach,FL,33162,Belis
Owensboro,KY,42301,Fleet Feet Incorporated
Moreno Valley,CA,92553,Fetal Focus & Derm. Focus
Manhasset,NY,11030,ETC
Moorestown,NJ,8057,Erdon
York,PA,17402,"Lax World, Inc."
Portland,OR,97204,"Imports, Llc"
San Francisco,CA,94132,Built - By the Counter
Franklin,TN,37067,MyStudio
Gaithersburg,MD,20877,J Cigar
Woodlawn,MD,21244,Treasures 2 World Of Diam
Dewitt,NY,13214,Tip Top News Stand
Atlanta,GA,30363,Archer Cartoon Llc
Downey,CA,90241,Road Rage
Pearland,TX,77584,P.J. Singh & Associates
Antioch,CA,94509,Lotus
Rome,GA,30165,Three Rivers Auction Company Llc
Harper Woods,MI,48225,Stack Enterprises Inc
Tyler,TX,75703,Brow Shape
Muskegon,MI,49444,Su Alterations
Phoenix,AZ,85032,Phx
San Antonio,TX,78247,"Snack Shop, The"
Short Hills,NJ,7078,La Maison du Chocolat
Las Vegas,NV,89169,Collectors Playground
New Bern,NC,28562,Annabelle's
Natick,MA,1760,Smoke To Live
Mccomb,MS,39648,Talis Collections
Cary,NC,27511,Glitter1
Littleton,CO,80123,Inspiration Enterprise 2 Llc
Denver,CO,80202,Cali & Mo Llc
Louisville,KY,40219,Kentucky National Guard
Greendale,WI,53129,Brew City Promotions
Newport Beach,CA,92660,G-Star Raw
Mays Landing,NJ,8330,Peretz Ravini Assoc
Glen Burnie,MD,21061,Vivace Bridal Gowns
Austin,TX,78738,Businesssuites Hill Country Galleria
Holyoke,MA,1040,Pyramid Company Of Holyoke
Gastonia,NC,28054,Hush Entertertainment
Long Beach,CA,90802,The Pint & Piano Dueling Pianos Llc
Burlington,MA,1803,Ginsberg Stewart
Atlanta,GA,30363,Sanders Express
Miami Beach,FL,33139,"Boon Trading Company, Llc"
Bemidji,MN,56601,DDR Corp.
Wellington,FL,33414,yogurbella
Hazelwood,MO,63042,Justice For Girl
Winston-Salem,NC,27103,Adora
Rancho Cucamonga,CA,91739,"Hat Collection, The"
Dedham,MA,2026,b.good
Lone Tree,CO,80124,The Colorado Store Llc
Chambersburg,PA,17201,Cathy Jo Beltz Stylist
Riverside,CA,92506,Johnny's Lashes Inc
West Nyack,NY,10994,Catskill Laser Tag Llc
Tacoma,WA,98409,Comcast
Middletown,NY,10941,Tsx
Glendale,WI,53217,Leo & Lou
Whitehall,PA,18052,The Gold Deposit
Whitehall,PA,18052,Country Memories
Tucson,AZ,85711,"Iacon, Inc."
Layton,UT,84041,SeaQuest Interactive Aquarium
Enid,OK,73703,Northwest Oklahoma Osteopathic Foundat…
Oxford,AL,36203,Redcross
Rogers,AR,72758,Gitanjali Usa
Dayton,OH,45440,Altar'd State
Billings,MT,59102,E Z Money Check Cashing Inc
Rogers,AR,72758,Himalayan Mountain Shop
Brea,CA,92821,AmeriPark Inc
Layton,UT,84041,Tinseltown U.S.A.
Morrow,GA,30260,Rodeo New York
Gilbert,AZ,85296,Nate Marshall Counseling Pllc
Joplin,MO,64801,O Chi Reflexology
Las Vegas,NV,89109,Peer Management Plus
Lakewood,CO,80226,"Colorado Pain Specialists, PC"
Whitehall,PA,18052,American Greetings Inc
Chesterfield,MO,63005,Ugg
Atlanta,GA,30363,Entertainment Work
Aventura,FL,33180,Beard Papa's
Palmdale,CA,93551,Bella
Dallas,TX,75240,Jarro Kafé
Mentor,OH,44060,Inka Jatary Llc
Albany,OR,97322,QuickCare
Wichita,KS,67205,"Marek, Ron J Do Pa"
Grand Forks,ND,58201,Correct Time
Enid,OK,73703,Apple Valley
Reno,NV,89502,Motherhood Maternity Llc
Pompano Beach,FL,33071,Eisha Enterprises
Cheyenne,WY,82009,Frontier 9
Elkhart,IN,46517,Braids
Toledo,OH,43623,Jared
Jackson,TN,38305,Taco John's Of Jackson
Crystal River,FL,34428,Twiated Root Beer
North Randall,OH,44128,"Decker, Jill"
Port Huron,MI,48059,Bling Bling & Things
Elmhurst,NY,11373,Nature Republic
Buena Park,CA,90620,Portillo's Hot Dogs
La Crosse,WI,54601,Mystic Treasures
Tracy,CA,95304,Red Sea
Forestville,MD,20747,Sears Appliance
Miami,FL,33147,"Song, Pok S"
Scottsdale,AZ,85251,RB ITALIA
Woodlawn,MD,21244,Gold Emporium Inc
Columbus,GA,31909,Consignment Shops Local Consignment Sh…
Provo,UT,84601,Invisible Shield by Zagg Llc
Duluth,GA,30096,Happy Land
Winter Park,FL,32789,April Orrach Llc
Columbia,SC,29204,Express Oil
Valley Stream,NY,11581,Glamour Decorating
Huntsville,AL,35806,Bridge Street Info Line
Seattle,WA,98125,Comcast
Canton,OH,44708,AIO
Meriden,CT,6451,Platinum Haircuts Llc
Port Richey,FL,34668,Kutz R' Us
Long Beach,CA,90802,American Business Enterprise I
Morristown,TN,37813,Monogram This! Llc
Moreno Valley,CA,92553,Moreno Valley Chamber Of Commerce
San Mateo,CA,94403,California Welcome Center Llc
Tucson,AZ,85705,"Koralewski, Kevin A"
Akron,OH,44310,Wonders of the Dead Sea
Augusta,GA,30909,Connors Restuarant
Manchester,CT,6042,"Battle Standard, Llc, The"
Dubuque,IA,52002,"Mindframe Multi-Media, L.L.C."
Bel Air,MD,21014,Super Silver Galaxy
Philadelphia,PA,19154,Tags and Flags
Yorktown Heights,NY,10598,Rose Valenti Fragrance
Salem,OR,97301,The MAC Store Llc
Spokane Valley,WA,99216,The State of Washington National Guard
Indianapolis,IN,46240,Tesla
Danbury,CT,6810,Unique Solutions Design Usa Ltd
Santa Fe,NM,87501,Queen's Ransom
Raleigh,NC,27612,Flipflops Shop
Tucson,AZ,85705,"Koralewski, Kevin A"
Forsyth,IL,62535,Encore
Asheboro,NC,27203,Maurice's Llc
Costa Mesa,CA,92626,Assouline Publishing Inc.
Hingham,MA,2043,B-Good
Yuma,AZ,85364,Amedisys Arizona LLC
Richmond,VA,23233,Master Yi Martial Arts Llc
Orlando,FL,32809,Sperry Top-Sider Llc
Fort Wayne,IN,46804,Poptique Popcorn
Beaumont,TX,77706,Baldwin Piano
Bellingham,WA,98226,Bay Leaf Soups
Phoenix,AZ,85051,RAGz
Chattanooga,TN,37411,Southeast Development District
Littleton,CO,80123,Farley's
Bloomington,IL,61701,V G Sew
Salt Lake City,UT,84101,Crowell Advertising
Novi,MI,48377,Sanders
Massena,NY,13662,On The Edge Designs
Naples,FL,34108,Boulay PLLP
Brea,CA,92821,Berkeley Dog
Dewitt,NY,13214,Lestra's Hidden Blessings
Annapolis,MD,21401,A La Mode
Riverside,CA,92503,City Chic
Logan,WV,25601,Jan Dills
Citrus Heights,CA,95610,Cutegirlcom
Portland,OR,97266,Invisible Shield Llc
Orland Park,IL,60462,"Fannie May Confections, Inc."
Rogers,AR,72758,Warner Brothers
Miami Beach,FL,33139,Concept Style Italy Llc
Maplewood,MN,55109,Make It Fit Alterations
Beaumont,TX,77706,Bungee Fun Zone
Hazelwood,MO,63042,Plan Nine Skatepark
Glendale,WI,53217,Salomone Associates
Jacksonville,NC,28546,Shanghai Joe's
Hattiesburg,MS,39401,MEDIA GENERAL OPERATIONS
Boynton Beach,FL,33426,Stefano Versace - Gelateria Italiana &…
Glendale,CA,91210,Tokyo Lifestyle
Pompano Beach,FL,33071,Vapor Planet 2
Dover,DE,19901,The Mills A Simon Company
Maryville,TN,37801,Flamingo Station
Las Vegas,NV,89109,Carlo Ferre
Fort Myers,FL,33913,Florida Gulf Coast Housing
Nogales,AZ,85621,"Rent-A-Center, Inc."
Roseville,MN,55113,Digby's
Sugar Land,TX,77479,Black Walnut Café
Orem,UT,84097,Disney Store North America
Lynchburg,VA,24502,JALA
Provo,UT,84601,The Red Balloon
Vernon Hills,IL,60061,Ballroom Studio
Winston-Salem,NC,27103,The Carving Board
Huntington Beach,CA,92647,U-Ca-Tan
Grand Junction,CO,81505,Silver Edge
