Tallahassee,FL,32303,Rush Hour,453998
Frederick,MD,21703,Chopsticks Express,722511
Salt Lake City,UT,84111,Al Rounds Studio,712110
Terre Haute,IN,47802,Trigon Corporation,339910
Temple Hills,MD,20748,Echo For Men,446120
Grand Rapids,MI,49512,Suki Hana Of Woodland,722511
Mankato,MN,56001,Mankato Clinic,621399
Burlington,NC,27215,Solteria,448210
Birmingham,AL,35243,Mountain High Outfitters,451110
Fort Collins,CO,80525,Cozy Cottage,423220
Arcadia,CA,91007,Closet Signature,448190
Gurnee,IL,60031,Belvidere Blues,448110
Olympia,WA,98502,Reminiscent Confections,445292
Cerritos,CA,90703,Mac At Los Cerritos Center,446120
Elizabethtown,KY,42701,Tatu,812199
Evansville,IN,47715,Club Tabby,713940
Terre Haute,IN,47802,Fannie May Confections,445292
Santa Maria,CA,93454,Semplici Italian Eatery,722513
Auburn,WA,98001,Alley Kat,448140
Farmington,NM,87402,Turbo Graffix,323113
Alexandria,LA,71301,Sweet Scents N More,453220
Redmond,WA,98052,Evergreen State Mortgage,522292
Austin,TX,78757,Red Oak Ballroom,812990
Altamonte Springs,FL,32701,Dazzling Gold & Silver,423940
Boynton Beach,FL,33426,Bijou Brigitte,448310
Memphis,TN,38117,Sweetness Sweets,445292
Burbank,CA,91502,Make It Personal,453220
Santa Monica,CA,90401,Cabo Cantina,722511
Miami Beach,FL,33139,Quattro Gastronomie Italiana,722511
Morrow,GA,30260,Encore 6,448140
Winter Park,FL,32789,Pure Pest Management,561710
West Des Moines,IA,50266,True Style,448120
Marion,IN,46952,Jiao,448310
Altamonte Springs,FL,32701,Ancho Burrito,722511
Miami Beach,FL,33139,Soulier,448210
Wellington,FL,33414,Perfect Oil,424720
Newport,KY,41071,Comstock Valuation Advisors Inc,541618
Burnsville,MN,55306,Push Pedal Pull,451110
Oklahoma City,OK,73118,Funny Shades,446130
Saint Clairsville,OH,43950,Crafts 2000,451120
Hanover,MD,21076,Champion Outlet,424320
Harrisonburg,VA,22801,Ibrow Designer,812112
Estero,FL,33928,Dipidydawg,453910
Santa Rosa,CA,95401,Northgate Studio,812921
Opelika,AL,36801,Alumni Hall Stores,452990
Chesapeake,VA,23320,Suitable,448110
Moline,IL,61265,Exotic Imports,722513
Lynnwood,WA,98037,Champ Store 14531,451110
Grand Island,NE,68803,El Tucanzo,813910
Tucson,AZ,85741,Sams Mini Mart,445120
San Antonio,TX,78247,Inflatable Wonderland,454390
Fort Smith,AR,72903,Answers For Youth & Families,624190
Burton,MI,48509,I Need That,453998
Charleston,SC,29407,American Military Museum,712110
Miami Beach,FL,33139,Gemma,722410
Tallahassee,FL,32301,Designers Closet,236115
Tallahassee,FL,32301,Funky Planet Surf Shop,711219
Buford,GA,30519,Character World,451120
Slidell,LA,70460,Coin It Up,713120
Dalton,GA,30721,North Georgia Skate Shop,713990
San Bruno,CA,94066,Wanabe,448140
Piqua,OH,45356,Essentials Shop,812112
Burbank,CA,91502,Max XV,448140
Layton,UT,84041,Body Evolution,812990
Houston,TX,77036,Arte Y Tradicion,423940
Mccomb,MS,39648,Bromas Deli,722511
Spokane,WA,99207,Chrome Personal Training Centre,713940
Santa Clara,CA,95050,Catimini,448130
Durham,NC,27701,Ewi Technologies,541618
Las Vegas,NV,89109,Sin City Brewing Co,722410
Billings,MT,59102,Staggering Ox,722511
West Covina,CA,91790,Intimate Basic,448150
Salinas,CA,93906,FHL Styles,424320
Charlotte,NC,28211,MCK Initial Impressions,541512
Waco,TX,76710,Jungui International Trading,453998
Miami,FL,33172,Taco Vida,722511
Buford,GA,30519,Zarco Lifestyle,453998
Memphis,TN,38115,Mr Goldman Signature,448310
San Mateo,CA,94403,Roxy Underground,517210
Boynton Beach,FL,33426,Hookah Palace,453991
Myrtle Beach,SC,29572,Kendalls Hallmark,453220
Prescott,AZ,86303,Allie Ollie,448120
Bozeman,MT,59718,Quest Integration,443142
Las Vegas,NV,89109,Basin White,446120
Pasadena,CA,91101,Tokyo Shabu Shabu,722511
Cabazon,CA,92230,Loro Piana,448140
Colonial Heights,VA,23834,Fun Depot,532299
Lakeland,FL,33803,Robyn Lynne,812990
Culver City,CA,90230,Big Fat Pita,722511
North Little Rock,AR,72116,Wilks Dugout,453998
Spokane,WA,99207,Self Expression Body Art Studio,812199
Louisville,KY,40207,Alumni Hall Stores,452990
Miami Beach,FL,33139,Locanda Sibilla,722511
Moreno Valley,CA,92553,Fetal Focus & Derm Focus,812112
Sierra Vista,AZ,85635,Crossfit Cochise,448190
Rogers,AR,72758,Pinnacle Hills Promenade,531120
Salt Lake City,UT,84111,Deseret Trust Co,522110
Midland,MI,48642,Todays In Bride Inc,448120
West Mifflin,PA,15123,Smoke Wizard,453991
Brea,CA,92821,Crossroads Software,511199
Omaha,NE,68114,Xencom Facilities Management,561210
Orem,UT,84097,Bohme,448120
Houston,TX,77036,Famous Gold Inc,423940
Ashland,KY,41101,Industry Retail Group,453998
Chapel Hill,NC,27514,Red Bowl,722511
Monroe,MI,48162,Little Green Apple,424120
Las Vegas,NV,89109,Kush Fine Art,453920
Nashville,TN,37214,Water Buddies,451120
Asheville,NC,28805,Stingray Signs,339950
Santa Fe,NM,87501,Queens Ransom,448310
Las Vegas,NV,89109,Prosecco,448150
Wichita,KS,67209,Style Hip Hop,448140
Indianapolis,IN,46250,Popcornopolis,445292
Phoenix,AZ,85051,All 4 Anime,512110
Morristown,TN,37813,Ancient Art,453920
Columbus,IN,47201,By Word Of Mouth Catering,722320
Lynchburg,VA,24502,Farmers Garden,445299
Easley,SC,29640,Blueberry Frog,722513
Moreno Valley,CA,92553,Round One Entertainment Inc,711219
Miami Beach,FL,33139,Britto Central,453920
Winter Park,FL,32789,Walk On Water,448120
Panama City Beach,FL,32413,Runway Collection,448120
Burlington,NC,27215,Beckys Hallmark Shop,453220
Owensboro,KY,42301,Wright Implement,423820
Chesapeake,VA,23321,Color Me Beautiful By A & W,446120
El Centro,CA,92243,Imperial Valley Carousel,713110
White Plains,NY,10601,911 Garage Door,238130
Altamonte Springs,FL,32701,Write In Style,453220
Independence,MO,64057,Rally House Independence,448190
Logan,WV,25601,Hill Chiropractic,621310
Henderson,NV,89014,Ipod Link,443142
Silver Spring,MD,20910,SFIA,813910
Las Vegas,NV,89109,Links Of London,448310
Elizabethtown,KY,42701,Industry Retail Group,453998
Mesa,AZ,85206,Picture Show Entertainment,512131
Woodland Hills,CA,91367,Outside The Box,624190
Bradenton,FL,34205,El Gaucho Italiano,722511
Ashtabula,OH,44004,Sell It Again,443142
Eden Prairie,MN,55344,Posh Love,621320
Bloomington,IL,61701,Wild Country Outpost,451110
Staten Island,NY,10314,Classic News,451212
Garden City,NY,11530,Crumbs Bake Shop,311811
Carmel,IN,46032,Hanson & Snyder LLC,523930
Arlington,VA,22202,One Stop News,424920
Layton,UT,84041,Lemon Ice,448150
Merrillville,IN,46410,Akira,448140
Wellington,FL,33414,Zen Garden,453220
Philadelphia,PA,19154,Suit Max,448110
Ogden,UT,84405,Clear Hearing Express,446199
Warren,PA,16365,Shults Express Lube & Tire,811111
Las Vegas,NV,89109,Kush Fine Art,453920
Santa Fe,NM,87507,Santa Fe Place,531120
Valencia,CA,91355,Popcornopolis,445292
San Francisco,CA,94115,Daiso California,448140
Reno,NV,89502,Dial & Style,517210
Puyallup,WA,98373,Mac At Macys West Puyallup,446120
Chico,CA,95928,Butte Cash 4 Gold,423940
Fort Wayne,IN,46804,Eddie Merlots,722511
Santa Maria,CA,93454,Maxx Plus,424330
Waco,TX,76710,All 4 U,448190
Raleigh,NC,27609,Plow & Hearth,453220
Charlotte,NC,28204,Metropolitan Elevator,238290
Chesapeake,VA,23320,Wow Brows,812112
Brea,CA,92821,The Gold Guys,448310
Dothan,AL,36303,Bling Bling Your Link,423940
Lufkin,TX,75901,Bounce 4 Fun Inflatables,711219
Tracy,CA,95304,Taqueria El Pikudo,722511
Columbia,MD,21044,Marbles The Brain Store,451120
Las Vegas,NV,89107,Vercini,448110
Asheboro,NC,27203,Urban Trends,448110
Bloomingdale,IL,60108,Looks 21,424330
Frackville,PA,17931,Vertigo Systems,811212
Gurnee,IL,60031,Rock America,448110
Sarasota,FL,34238,Yoders Marketplace,722513
Antioch,CA,94509,Somersville Towne Center,531120
Titusville,FL,32780,Bright House Networks,515210
Enid,OK,73703,Enid Art Association,423440
Superior,WI,54880,Prime Appliance Factory Outlet,443141
Carmel,IN,46032,Wedding Studio,453998
Scottsdale,AZ,85251,Splendid,448140
Grand Forks,ND,58201,Tip Top Tux,448150
San Diego,CA,92122,Ice Town,713940
Westlake,OH,44145,Daves Cosmic Subs,722511
Fort Myers,FL,33913,Pinchers Crab Shack,722511
Lakewood,CA,90712,Hayes Specialties,442110
Sandy,UT,84070,Sticker Shop,453220
Buffalo,NY,14219,Tabby Town,624190
Miami Beach,FL,33139,Panfiore,722511
Chula Vista,CA,91915,Hot Sauces N More,445110
Oak Brook,IL,60523,Reel Club,722511
Richmond,VA,23235,Bedroom Concepts Inc,442110
Livonia,MI,48152,Always Irish,453220
Brownsville,TX,78521,Snack Stop Express,445120
Coralville,IA,52241,Iowa Childrens Museum,712110
Massapequa,NY,11758,Kidz Kutz,812112
Noblesville,IN,46060,Mos Irish Pub,722410
Logan,UT,84341,Krystal Vison,446130
Colorado Springs,CO,80909,Fountain Of Youth,453998
Chicago,IL,60611,Broadway In Chicago,711410
Panama City Beach,FL,32413,Ron Jon Surf Shop,451110
Fort Myers,FL,33901,Caribbean Dutch Pot,722511
Hazleton,PA,18202,Digital Addition,443142
Turlock,CA,95380,Yogolicious,722511
West Nyack,NY,10994,Paging Concepts,517210
Stockton,CA,95207,Shomi,722511
Harper Woods,MI,48225,Dipps,424450
Christiansburg,VA,24073,Ibrow Designer,812112
Miami Beach,FL,33139,Surf Style,448190
Piqua,OH,45356,Patrick Staffing,561311
Columbus,OH,43240,China Experience,722511
Killeen,TX,76543,Hairstylers,812112
Madison,WI,53704,Chinese Relaxation Center,448140
Westminster,MD,21157,Sammy Girl Crafts,451120
Eureka,CA,95501,Sweet Temptations,445292
Long Beach,CA,90802,Sgt Peppers Dueling Pianos,722511
Mesa,AZ,85202,Trend Topic,448110
Niles,OH,44446,Gracylane,448120
San Diego,CA,92108,Dear Alice,448120
Fresno,CA,93720,Stella Laguna Beach,448120
Amarillo,TX,79121,Get Gussied Up,532299
Miami Beach,FL,33139,Segafredo Espresso,722511
Schaumburg,IL,60173,Mario Tricoci Too,812112
Camp Hill,PA,17011,Embellas,424990
Memphis,TN,38117,China Master,722511
Ventura,CA,93003,Ragdoll,448120
Monroeville,PA,15146,Monterey Bay Fish Grotto,722511
Abilene,TX,79606,Casa Herrera,722511
Westbury,NY,11590,Island Carousel Inc,713110
